Map,Rank,KDRatio
Villa,Gold,3.6
ThemePark,Gold,4.8
Kafe,Gold,4.5
Calypso,Silver,3.2
Coastline,Gold,4.5
Fortress,Silver,2.8
Calypso,Gold,3.4
Coastline,Diamond,3.8
ThemePark,Diamond,5.0
Kafe,Silver,4.1
Villa,Gold,1.7
Fortress,Diamond,4.2
Plains,Gold,4.6
Oregan,Silver,3.1
Fortress,Silver,4.5
Bank,Platinum,5.0
ThemePark,Emerald,4.4
ClubHouse,Diamond,3.9
Consulate,Bronze,2.1
Kanal,Platinum,3.7
Border,Emerald,2.6
Skyscraper,Copper,3.0
Calypso,Platinum,2.5
Border,Diamond,3.0
Villa,Bronze,2.2
Bank,Emerald,3.8
Chalet,Diamond,3.1
Oregan,Platinum,2.6
Plains,Silver,2.4
ThemePark,Diamond,3.3
Border,Platinum,1.9
Skyscraper,Silver,4.5
Border,Gold,3.7
Fortress,Diamond,3.4
Villa,Silver,2.7